timestamp,count,building
2020-09-29 00:00:00,11,Atki
2020-09-29 01:00:00,4,Atki
2020-09-29 02:00:00,9,Atki
2020-09-29 03:00:00,8,Atki
2020-09-29 04:00:00,2,Atki
2020-09-29 06:00:00,11,Atki
2020-09-29 07:00:00,17,Atki
2020-09-29 08:00:00,52,Atki
2020-09-29 09:00:00,105,Atki
2020-09-29 10:00:00,110,Atki
2020-09-29 11:00:00,97,Atki
2020-09-29 12:00:00,213,Atki
2020-09-29 13:00:00,234,Atki
2020-09-29 14:00:00,220,Atki
2020-09-29 15:00:00,75,Atki
2020-09-29 16:00:00,94,Atki
2020-09-29 17:00:00,108,Atki
2020-09-29 18:00:00,111,Atki
2020-09-29 19:00:00,89,Atki
2020-09-29 20:00:00,25,Atki
2020-09-29 21:00:00,11,Atki
2020-09-29 22:00:00,4,Atki
2020-09-29 23:00:00,19,Atki
2020-09-29 00:00:00,3,Auxi
2020-09-29 01:00:00,2,Auxi
2020-09-29 02:00:00,7,Auxi
2020-09-29 06:00:00,12,Auxi
2020-09-29 07:00:00,25,Auxi
2020-09-29 08:00:00,74,Auxi
2020-09-29 09:00:00,48,Auxi
2020-09-29 10:00:00,69,Auxi
2020-09-29 11:00:00,89,Auxi
2020-09-29 12:00:00,153,Auxi
2020-09-29 13:00:00,53,Auxi
2020-09-29 14:00:00,81,Auxi
2020-09-29 15:00:00,42,Auxi
2020-09-29 16:00:00,58,Auxi
2020-09-29 17:00:00,54,Auxi
2020-09-29 18:00:00,27,Auxi
2020-09-29 19:00:00,42,Auxi
2020-09-29 20:00:00,37,Auxi
2020-09-29 21:00:00,36,Auxi
2020-09-29 22:00:00,17,Auxi
2020-09-29 23:00:00,1,Auxi
2020-09-29 00:00:00,2,BaTF
2020-09-29 06:00:00,9,BaTF
2020-09-29 07:00:00,17,BaTF
2020-09-29 08:00:00,14,BaTF
2020-09-29 09:00:00,15,BaTF
2020-09-29 10:00:00,23,BaTF
2020-09-29 11:00:00,66,BaTF
2020-09-29 12:00:00,90,BaTF
2020-09-29 13:00:00,75,BaTF
2020-09-29 14:00:00,73,BaTF
2020-09-29 15:00:00,66,BaTF
2020-09-29 16:00:00,60,BaTF
2020-09-29 17:00:00,56,BaTF
2020-09-29 18:00:00,27,BaTF
2020-09-29 19:00:00,15,BaTF
2020-09-29 20:00:00,9,BaTF
2020-09-29 21:00:00,6,BaTF
2020-09-29 22:00:00,6,BaTF
2020-09-29 23:00:00,2,BaTF
2020-09-29 00:00:00,4,Band
2020-09-29 02:00:00,2,Band
2020-09-29 04:00:00,6,Band
2020-09-29 05:00:00,7,Band
2020-09-29 06:00:00,3,Band
2020-09-29 07:00:00,11,Band
2020-09-29 08:00:00,20,Band
2020-09-29 09:00:00,10,Band
2020-09-29 10:00:00,24,Band
2020-09-29 11:00:00,49,Band
2020-09-29 12:00:00,13,Band
2020-09-29 13:00:00,54,Band
2020-09-29 14:00:00,37,Band
2020-09-29 15:00:00,12,Band
2020-09-29 16:00:00,25,Band
2020-09-29 17:00:00,30,Band
2020-09-29 18:00:00,22,Band
2020-09-29 19:00:00,17,Band
2020-09-29 20:00:00,20,Band
2020-09-29 21:00:00,33,Band
2020-09-29 22:00:00,9,Band
2020-09-29 23:00:00,20,Band
2020-09-29 00:00:00,16,Barn
2020-09-29 01:00:00,8,Barn
2020-09-29 03:00:00,8,Barn
2020-09-29 04:00:00,3,Barn
2020-09-29 05:00:00,9,Barn
2020-09-29 06:00:00,14,Barn
2020-09-29 07:00:00,5,Barn
2020-09-29 08:00:00,21,Barn
2020-09-29 09:00:00,23,Barn
2020-09-29 10:00:00,61,Barn
2020-09-29 11:00:00,21,Barn
2020-09-29 12:00:00,35,Barn
2020-09-29 13:00:00,32,Barn
2020-09-29 14:00:00,13,Barn
2020-09-29 15:00:00,14,Barn
2020-09-29 16:00:00,9,Barn
2020-09-29 17:00:00,10,Barn
2020-09-29 18:00:00,8,Barn
2020-09-29 19:00:00,3,Barn
2020-09-29 20:00:00,3,Barn
2020-09-29 21:00:00,1,Barn
2020-09-29 22:00:00,34,Barn
2020-09-29 23:00:00,17,Barn
2020-09-29 06:00:00,17,BelG
2020-09-29 07:00:00,52,BelG
2020-09-29 08:00:00,86,BelG
2020-09-29 09:00:00,84,BelG
2020-09-29 10:00:00,162,BelG
2020-09-29 11:00:00,152,BelG
2020-09-29 12:00:00,129,BelG
2020-09-29 13:00:00,43,BelG
2020-09-29 14:00:00,148,BelG
2020-09-29 15:00:00,38,BelG
2020-09-29 16:00:00,118,BelG
2020-09-29 17:00:00,48,BelG
2020-09-29 18:00:00,32,BelG
2020-09-29 19:00:00,25,BelG
2020-09-29 20:00:00,9,BelG
2020-09-29 21:00:00,4,BelG
2020-09-29 23:00:00,15,BelG
2020-09-29 00:00:00,121,BelH
2020-09-29 01:00:00,81,BelH
2020-09-29 02:00:00,23,BelH
2020-09-29 03:00:00,17,BelH
2020-09-29 04:00:00,17,BelH
2020-09-29 05:00:00,22,BelH
2020-09-29 06:00:00,43,BelH
2020-09-29 07:00:00,62,BelH
2020-09-29 08:00:00,61,BelH
2020-09-29 09:00:00,87,BelH
2020-09-29 10:00:00,87,BelH
2020-09-29 11:00:00,80,BelH
2020-09-29 12:00:00,89,BelH
2020-09-29 13:00:00,137,BelH
2020-09-29 14:00:00,84,BelH
2020-09-29 15:00:00,69,BelH
2020-09-29 16:00:00,120,BelH
2020-09-29 17:00:00,172,BelH
2020-09-29 18:00:00,208,BelH
2020-09-29 19:00:00,84,BelH
2020-09-29 20:00:00,83,BelH
2020-09-29 21:00:00,56,BelH
2020-09-29 22:00:00,46,BelH
2020-09-29 23:00:00,44,BelH
2020-09-29 00:00:00,2,Bioi
2020-09-29 05:00:00,29,Bioi
2020-09-29 06:00:00,52,Bioi
2020-09-29 07:00:00,46,Bioi
2020-09-29 08:00:00,87,Bioi
2020-09-29 09:00:00,68,Bioi
2020-09-29 10:00:00,101,Bioi
2020-09-29 11:00:00,98,Bioi
2020-09-29 12:00:00,102,Bioi
2020-09-29 13:00:00,121,Bioi
2020-09-29 14:00:00,144,Bioi
2020-09-29 15:00:00,103,Bioi
2020-09-29 16:00:00,70,Bioi
2020-09-29 17:00:00,116,Bioi
2020-09-29 18:00:00,76,Bioi
2020-09-29 19:00:00,71,Bioi
2020-09-29 20:00:00,52,Bioi
2020-09-29 21:00:00,21,Bioi
2020-09-29 22:00:00,25,Bioi
2020-09-29 23:00:00,12,Bioi
2020-09-29 06:00:00,21,Biss
2020-09-29 07:00:00,10,Biss
2020-09-29 08:00:00,10,Biss
2020-09-29 09:00:00,6,Biss
2020-09-29 13:00:00,1,Biss
2020-09-29 15:00:00,2,Biss
2020-09-29 16:00:00,38,Biss
2020-09-29 17:00:00,58,Biss
2020-09-29 18:00:00,8,Biss
2020-09-29 19:00:00,8,Biss
2020-09-29 20:00:00,2,Biss
2020-09-29 21:00:00,15,Biss
2020-09-29 00:00:00,46,Burs
2020-09-29 01:00:00,52,Burs
2020-09-29 02:00:00,13,Burs
2020-09-29 04:00:00,1,Burs
2020-09-29 06:00:00,10,Burs
2020-09-29 07:00:00,61,Burs
2020-09-29 08:00:00,126,Burs
2020-09-29 09:00:00,113,Burs
2020-09-29 10:00:00,207,Burs
2020-09-29 11:00:00,216,Burs
2020-09-29 12:00:00,229,Burs
2020-09-29 13:00:00,169,Burs
2020-09-29 14:00:00,205,Burs
2020-09-29 15:00:00,209,Burs
2020-09-29 16:00:00,218,Burs
2020-09-29 17:00:00,184,Burs
2020-09-29 18:00:00,168,Burs
2020-09-29 19:00:00,106,Burs
2020-09-29 20:00:00,74,Burs
2020-09-29 21:00:00,25,Burs
2020-09-29 22:00:00,37,Burs
2020-09-29 23:00:00,9,Burs
2020-09-29 03:00:00,20,Cafe
2020-09-29 06:00:00,3,Cafe
2020-09-29 07:00:00,15,Cafe
2020-09-29 08:00:00,7,Cafe
2020-09-29 09:00:00,23,Cafe
2020-09-29 10:00:00,17,Cafe
2020-09-29 11:00:00,21,Cafe
2020-09-29 12:00:00,34,Cafe
2020-09-29 13:00:00,8,Cafe
2020-09-29 14:00:00,68,Cafe
2020-09-29 15:00:00,15,Cafe
2020-09-29 16:00:00,24,Cafe
2020-09-29 17:00:00,15,Cafe
2020-09-29 18:00:00,8,Cafe
2020-09-29 19:00:00,14,Cafe
2020-09-29 20:00:00,10,Cafe
2020-09-29 00:00:00,22,Came
2020-09-29 01:00:00,9,Came
2020-09-29 02:00:00,47,Came
2020-09-29 03:00:00,3,Came
2020-09-29 04:00:00,6,Came
2020-09-29 05:00:00,17,Came
2020-09-29 06:00:00,36,Came
2020-09-29 07:00:00,74,Came
2020-09-29 08:00:00,147,Came
2020-09-29 09:00:00,147,Came
2020-09-29 10:00:00,121,Came
2020-09-29 11:00:00,150,Came
2020-09-29 12:00:00,232,Came
2020-09-29 13:00:00,158,Came
2020-09-29 14:00:00,244,Came
2020-09-29 15:00:00,89,Came
2020-09-29 16:00:00,108,Came
2020-09-29 17:00:00,93,Came
2020-09-29 18:00:00,109,Came
2020-09-29 19:00:00,74,Came
2020-09-29 20:00:00,61,Came
2020-09-29 21:00:00,55,Came
2020-09-29 22:00:00,90,Came
2020-09-29 23:00:00,36,Came
2020-09-29 00:00:00,3,Cato
2020-09-29 02:00:00,1,Cato
2020-09-29 03:00:00,1,Cato
2020-09-29 04:00:00,3,Cato
2020-09-29 05:00:00,3,Cato
2020-09-29 06:00:00,5,Cato
2020-09-29 07:00:00,15,Cato
2020-09-29 08:00:00,13,Cato
2020-09-29 09:00:00,11,Cato
2020-09-29 10:00:00,22,Cato
2020-09-29 11:00:00,34,Cato
2020-09-29 12:00:00,28,Cato
2020-09-29 13:00:00,21,Cato
2020-09-29 14:00:00,30,Cato
2020-09-29 15:00:00,15,Cato
2020-09-29 16:00:00,17,Cato
2020-09-29 17:00:00,29,Cato
2020-09-29 18:00:00,18,Cato
2020-09-29 19:00:00,17,Cato
2020-09-29 20:00:00,15,Cato
2020-09-29 21:00:00,10,Cato
2020-09-29 22:00:00,5,Cato
2020-09-29 23:00:00,8,Cato
2020-09-29 06:00:00,2,Ceda
2020-09-29 07:00:00,12,Ceda
2020-09-29 08:00:00,28,Ceda
2020-09-29 09:00:00,9,Ceda
2020-09-29 10:00:00,13,Ceda
2020-09-29 11:00:00,10,Ceda
2020-09-29 12:00:00,26,Ceda
2020-09-29 14:00:00,18,Ceda
2020-09-29 15:00:00,16,Ceda
2020-09-29 16:00:00,8,Ceda
2020-09-29 17:00:00,7,Ceda
2020-09-29 18:00:00,5,Ceda
2020-09-29 19:00:00,4,Ceda
2020-09-29 20:00:00,12,Ceda
2020-09-29 21:00:00,1,Ceda
2020-09-29 22:00:00,2,Ceda
2020-09-29 00:00:00,2,CenC
2020-09-29 06:00:00,42,CenC
2020-09-29 07:00:00,91,CenC
2020-09-29 08:00:00,86,CenC
2020-09-29 09:00:00,92,CenC
2020-09-29 10:00:00,105,CenC
2020-09-29 11:00:00,36,CenC
2020-09-29 12:00:00,45,CenC
2020-09-29 13:00:00,60,CenC
2020-09-29 14:00:00,108,CenC
2020-09-29 15:00:00,34,CenC
2020-09-29 16:00:00,1,CenC
2020-09-29 17:00:00,15,CenC
2020-09-29 18:00:00,7,CenC
2020-09-29 19:00:00,4,CenC
2020-09-29 00:00:00,14,CoEd
2020-09-29 01:00:00,5,CoEd
2020-09-29 02:00:00,4,CoEd
2020-09-29 03:00:00,7,CoEd
2020-09-29 04:00:00,4,CoEd
2020-09-29 05:00:00,12,CoEd
2020-09-29 06:00:00,21,CoEd
2020-09-29 07:00:00,39,CoEd
2020-09-29 08:00:00,53,CoEd
2020-09-29 09:00:00,63,CoEd
2020-09-29 10:00:00,110,CoEd
2020-09-29 11:00:00,115,CoEd
2020-09-29 12:00:00,148,CoEd
2020-09-29 13:00:00,128,CoEd
2020-09-29 14:00:00,236,CoEd
2020-09-29 15:00:00,79,CoEd
2020-09-29 16:00:00,81,CoEd
2020-09-29 17:00:00,74,CoEd
2020-09-29 18:00:00,81,CoEd
2020-09-29 19:00:00,71,CoEd
2020-09-29 20:00:00,47,CoEd
2020-09-29 21:00:00,25,CoEd
2020-09-29 22:00:00,5,CoEd
2020-09-29 23:00:00,3,CoEd
2020-09-29 00:00:00,50,Colv
2020-09-29 01:00:00,7,Colv
2020-09-29 02:00:00,16,Colv
2020-09-29 03:00:00,10,Colv
2020-09-29 04:00:00,1,Colv
2020-09-29 06:00:00,14,Colv
2020-09-29 07:00:00,43,Colv
2020-09-29 08:00:00,92,Colv
2020-09-29 09:00:00,96,Colv
2020-09-29 10:00:00,117,Colv
2020-09-29 11:00:00,125,Colv
2020-09-29 12:00:00,277,Colv
2020-09-29 13:00:00,338,Colv
2020-09-29 14:00:00,250,Colv
2020-09-29 15:00:00,213,Colv
2020-09-29 16:00:00,187,Colv
2020-09-29 17:00:00,89,Colv
2020-09-29 18:00:00,106,Colv
2020-09-29 19:00:00,119,Colv
2020-09-29 20:00:00,36,Colv
2020-09-29 21:00:00,13,Colv
2020-09-29 22:00:00,8,Colv
2020-09-29 23:00:00,8,Colv
2020-09-29 00:00:00,20,Cone
2020-09-29 01:00:00,1,Cone
2020-09-29 02:00:00,9,Cone
2020-09-29 03:00:00,17,Cone
2020-09-29 04:00:00,1,Cone
2020-09-29 05:00:00,19,Cone
2020-09-29 06:00:00,38,Cone
2020-09-29 07:00:00,42,Cone
2020-09-29 08:00:00,103,Cone
2020-09-29 09:00:00,131,Cone
2020-09-29 10:00:00,155,Cone
2020-09-29 11:00:00,134,Cone
2020-09-29 12:00:00,301,Cone
2020-09-29 13:00:00,267,Cone
2020-09-29 14:00:00,254,Cone
2020-09-29 15:00:00,101,Cone
2020-09-29 16:00:00,158,Cone
2020-09-29 17:00:00,159,Cone
2020-09-29 18:00:00,109,Cone
2020-09-29 19:00:00,128,Cone
2020-09-29 20:00:00,71,Cone
2020-09-29 21:00:00,29,Cone
2020-09-29 22:00:00,14,Cone
2020-09-29 23:00:00,37,Cone
2020-09-29 00:00:00,4,Coun
2020-09-29 01:00:00,1,Coun
2020-09-29 02:00:00,2,Coun
2020-09-29 05:00:00,4,Coun
2020-09-29 06:00:00,34,Coun
2020-09-29 07:00:00,30,Coun
2020-09-29 08:00:00,50,Coun
2020-09-29 09:00:00,17,Coun
2020-09-29 10:00:00,50,Coun
2020-09-29 11:00:00,53,Coun
2020-09-29 12:00:00,44,Coun
2020-09-29 13:00:00,26,Coun
2020-09-29 14:00:00,75,Coun
2020-09-29 15:00:00,27,Coun
2020-09-29 16:00:00,54,Coun
2020-09-29 17:00:00,47,Coun
2020-09-29 18:00:00,9,Coun
2020-09-29 19:00:00,12,Coun
2020-09-29 20:00:00,1,Coun
2020-09-29 21:00:00,21,Coun
2020-09-29 22:00:00,7,Coun
2020-09-29 23:00:00,5,Coun
2020-09-29 00:00:00,12,Denn
2020-09-29 01:00:00,25,Denn
2020-09-29 02:00:00,12,Denn
2020-09-29 03:00:00,16,Denn
2020-09-29 04:00:00,35,Denn
2020-09-29 05:00:00,14,Denn
2020-09-29 06:00:00,28,Denn
2020-09-29 07:00:00,24,Denn
2020-09-29 08:00:00,44,Denn
2020-09-29 09:00:00,24,Denn
2020-09-29 10:00:00,55,Denn
2020-09-29 11:00:00,77,Denn
2020-09-29 12:00:00,56,Denn
2020-09-29 13:00:00,45,Denn
2020-09-29 14:00:00,45,Denn
2020-09-29 15:00:00,31,Denn
2020-09-29 16:00:00,23,Denn
2020-09-29 17:00:00,31,Denn
2020-09-29 18:00:00,21,Denn
2020-09-29 19:00:00,19,Denn
2020-09-29 20:00:00,6,Denn
2020-09-29 21:00:00,19,Denn
2020-09-29 22:00:00,7,Denn
2020-09-29 23:00:00,15,Denn
2020-09-29 00:00:00,2,Duke
2020-09-29 02:00:00,1,Duke
2020-09-29 05:00:00,3,Duke
2020-09-29 06:00:00,4,Duke
2020-09-29 07:00:00,3,Duke
2020-09-29 08:00:00,27,Duke
2020-09-29 09:00:00,21,Duke
2020-09-29 10:00:00,39,Duke
2020-09-29 11:00:00,44,Duke
2020-09-29 12:00:00,41,Duke
2020-09-29 13:00:00,62,Duke
2020-09-29 14:00:00,41,Duke
2020-09-29 15:00:00,25,Duke
2020-09-29 16:00:00,33,Duke
2020-09-29 17:00:00,32,Duke
2020-09-29 18:00:00,38,Duke
2020-09-29 19:00:00,19,Duke
2020-09-29 20:00:00,33,Duke
2020-09-29 21:00:00,14,Duke
2020-09-29 22:00:00,17,Duke
2020-09-29 23:00:00,3,Duke
2020-09-29 00:00:00,28,EPIC
2020-09-29 04:00:00,19,EPIC
2020-09-29 05:00:00,66,EPIC
2020-09-29 06:00:00,101,EPIC
2020-09-29 07:00:00,130,EPIC
2020-09-29 08:00:00,119,EPIC
2020-09-29 09:00:00,185,EPIC
2020-09-29 10:00:00,192,EPIC
2020-09-29 11:00:00,233,EPIC
2020-09-29 12:00:00,230,EPIC
2020-09-29 13:00:00,277,EPIC
2020-09-29 14:00:00,231,EPIC
2020-09-29 15:00:00,185,EPIC
2020-09-29 16:00:00,181,EPIC
2020-09-29 17:00:00,161,EPIC
2020-09-29 18:00:00,102,EPIC
2020-09-29 19:00:00,94,EPIC
2020-09-29 20:00:00,56,EPIC
2020-09-29 21:00:00,41,EPIC
2020-09-29 22:00:00,38,EPIC
2020-09-29 23:00:00,64,EPIC
2020-09-29 06:00:00,6,East
2020-09-29 07:00:00,2,East
2020-09-29 08:00:00,1,East
2020-09-29 09:00:00,7,East
2020-09-29 10:00:00,2,East
2020-09-29 12:00:00,2,East
2020-09-29 13:00:00,3,East
2020-09-29 14:00:00,5,East
2020-09-29 15:00:00,1,East
2020-09-29 00:00:00,14,FOPS
2020-09-29 01:00:00,27,FOPS
2020-09-29 02:00:00,168,FOPS
2020-09-29 03:00:00,17,FOPS
2020-09-29 04:00:00,25,FOPS
2020-09-29 05:00:00,20,FOPS
2020-09-29 06:00:00,69,FOPS
2020-09-29 07:00:00,94,FOPS
2020-09-29 08:00:00,118,FOPS
2020-09-29 09:00:00,95,FOPS
2020-09-29 10:00:00,68,FOPS
2020-09-29 11:00:00,114,FOPS
2020-09-29 12:00:00,120,FOPS
2020-09-29 13:00:00,73,FOPS
2020-09-29 14:00:00,69,FOPS
2020-09-29 15:00:00,76,FOPS
2020-09-29 16:00:00,61,FOPS
2020-09-29 17:00:00,32,FOPS
2020-09-29 18:00:00,31,FOPS
2020-09-29 19:00:00,23,FOPS
2020-09-29 20:00:00,68,FOPS
2020-09-29 21:00:00,37,FOPS
2020-09-29 22:00:00,99,FOPS
2020-09-29 23:00:00,11,FOPS
2020-09-29 02:00:00,3,FacA
2020-09-29 05:00:00,1,FacA
2020-09-29 06:00:00,9,FacA
2020-09-29 07:00:00,3,FacA
2020-09-29 08:00:00,9,FacA
2020-09-29 09:00:00,15,FacA
2020-09-29 10:00:00,6,FacA
2020-09-29 11:00:00,16,FacA
2020-09-29 12:00:00,10,FacA
2020-09-29 13:00:00,13,FacA
2020-09-29 14:00:00,14,FacA
2020-09-29 00:00:00,23,Faci
2020-09-29 01:00:00,22,Faci
2020-09-29 02:00:00,14,Faci
2020-09-29 03:00:00,25,Faci
2020-09-29 04:00:00,17,Faci
2020-09-29 05:00:00,58,Faci
2020-09-29 06:00:00,78,Faci
2020-09-29 07:00:00,69,Faci
2020-09-29 08:00:00,101,Faci
2020-09-29 09:00:00,135,Faci
2020-09-29 10:00:00,60,Faci
2020-09-29 11:00:00,87,Faci
2020-09-29 12:00:00,127,Faci
2020-09-29 13:00:00,91,Faci
2020-09-29 14:00:00,68,Faci
2020-09-29 15:00:00,36,Faci
2020-09-29 16:00:00,47,Faci
2020-09-29 17:00:00,62,Faci
2020-09-29 18:00:00,31,Faci
2020-09-29 19:00:00,51,Faci
2020-09-29 20:00:00,35,Faci
2020-09-29 21:00:00,33,Faci
2020-09-29 22:00:00,41,Faci
2020-09-29 23:00:00,10,Faci
2020-09-29 07:00:00,1,FouA
2020-09-29 08:00:00,7,FouA
2020-09-29 09:00:00,35,FouA
2020-09-29 10:00:00,1,FouA
2020-09-29 11:00:00,13,FouA
2020-09-29 12:00:00,5,FouA
2020-09-29 13:00:00,2,FouA
2020-09-29 14:00:00,3,FouA
2020-09-29 15:00:00,1,FouA
2020-09-29 16:00:00,5,FouA
2020-09-29 07:00:00,10,Foun
2020-09-29 08:00:00,14,Foun
2020-09-29 09:00:00,15,Foun
2020-09-29 10:00:00,9,Foun
2020-09-29 11:00:00,8,Foun
2020-09-29 12:00:00,28,Foun
2020-09-29 13:00:00,10,Foun
2020-09-29 14:00:00,22,Foun
2020-09-29 15:00:00,2,Foun
2020-09-29 16:00:00,22,Foun
2020-09-29 17:00:00,19,Foun
2020-09-29 18:00:00,13,Foun
2020-09-29 19:00:00,5,Foun
2020-09-29 22:00:00,2,Foun
2020-09-29 00:00:00,9,Fret
2020-09-29 01:00:00,2,Fret
2020-09-29 02:00:00,1,Fret
2020-09-29 03:00:00,11,Fret
2020-09-29 04:00:00,22,Fret
2020-09-29 05:00:00,41,Fret
2020-09-29 06:00:00,23,Fret
2020-09-29 07:00:00,31,Fret
2020-09-29 08:00:00,110,Fret
2020-09-29 09:00:00,114,Fret
2020-09-29 10:00:00,124,Fret
2020-09-29 11:00:00,185,Fret
2020-09-29 12:00:00,187,Fret
2020-09-29 13:00:00,151,Fret
2020-09-29 14:00:00,152,Fret
2020-09-29 15:00:00,103,Fret
2020-09-29 16:00:00,114,Fret
2020-09-29 17:00:00,114,Fret
2020-09-29 18:00:00,104,Fret
2020-09-29 19:00:00,63,Fret
2020-09-29 20:00:00,83,Fret
2020-09-29 21:00:00,73,Fret
2020-09-29 22:00:00,12,Fret
2020-09-29 23:00:00,23,Fret
2020-09-29 00:00:00,5,Frid
2020-09-29 02:00:00,1,Frid
2020-09-29 03:00:00,37,Frid
2020-09-29 05:00:00,1,Frid
2020-09-29 06:00:00,18,Frid
2020-09-29 07:00:00,36,Frid
2020-09-29 08:00:00,85,Frid
2020-09-29 09:00:00,58,Frid
2020-09-29 10:00:00,162,Frid
2020-09-29 11:00:00,191,Frid
2020-09-29 12:00:00,170,Frid
2020-09-29 13:00:00,125,Frid
2020-09-29 14:00:00,88,Frid
2020-09-29 15:00:00,74,Frid
2020-09-29 16:00:00,87,Frid
2020-09-29 17:00:00,55,Frid
2020-09-29 18:00:00,59,Frid
2020-09-29 19:00:00,37,Frid
2020-09-29 20:00:00,54,Frid
2020-09-29 21:00:00,49,Frid
2020-09-29 22:00:00,3,Frid
2020-09-29 23:00:00,16,Frid
2020-09-29 00:00:00,29,Gage
2020-09-29 01:00:00,8,Gage
2020-09-29 02:00:00,1,Gage
2020-09-29 04:00:00,2,Gage
2020-09-29 05:00:00,1,Gage
2020-09-29 06:00:00,9,Gage
2020-09-29 07:00:00,25,Gage
2020-09-29 08:00:00,27,Gage
2020-09-29 09:00:00,35,Gage
2020-09-29 10:00:00,46,Gage
2020-09-29 11:00:00,29,Gage
2020-09-29 12:00:00,129,Gage
2020-09-29 13:00:00,80,Gage
2020-09-29 14:00:00,43,Gage
2020-09-29 15:00:00,33,Gage
2020-09-29 16:00:00,30,Gage
2020-09-29 17:00:00,36,Gage
2020-09-29 18:00:00,60,Gage
2020-09-29 19:00:00,55,Gage
2020-09-29 20:00:00,81,Gage
2020-09-29 21:00:00,27,Gage
2020-09-29 22:00:00,32,Gage
2020-09-29 23:00:00,38,Gage
2020-09-29 00:00:00,2,Gari
2020-09-29 03:00:00,2,Gari
2020-09-29 04:00:00,5,Gari
2020-09-29 06:00:00,1,Gari
2020-09-29 07:00:00,5,Gari
2020-09-29 08:00:00,15,Gari
2020-09-29 09:00:00,5,Gari
2020-09-29 10:00:00,30,Gari
2020-09-29 11:00:00,24,Gari
2020-09-29 12:00:00,33,Gari
2020-09-29 13:00:00,34,Gari
2020-09-29 14:00:00,31,Gari
2020-09-29 15:00:00,31,Gari
2020-09-29 16:00:00,42,Gari
2020-09-29 17:00:00,25,Gari
2020-09-29 18:00:00,13,Gari
2020-09-29 19:00:00,25,Gari
2020-09-29 20:00:00,12,Gari
2020-09-29 21:00:00,4,Gari
2020-09-29 23:00:00,13,Gari
2020-09-29 00:00:00,8,Grig
2020-09-29 04:00:00,1,Grig
2020-09-29 05:00:00,40,Grig
2020-09-29 06:00:00,33,Grig
2020-09-29 07:00:00,95,Grig
2020-09-29 08:00:00,91,Grig
2020-09-29 09:00:00,89,Grig
2020-09-29 10:00:00,236,Grig
2020-09-29 11:00:00,223,Grig
2020-09-29 12:00:00,164,Grig
2020-09-29 13:00:00,255,Grig
2020-09-29 14:00:00,156,Grig
2020-09-29 15:00:00,81,Grig
2020-09-29 16:00:00,106,Grig
2020-09-29 17:00:00,69,Grig
2020-09-29 18:00:00,59,Grig
2020-09-29 19:00:00,18,Grig
2020-09-29 20:00:00,36,Grig
2020-09-29 21:00:00,27,Grig
2020-09-29 22:00:00,8,Grig
2020-09-29 23:00:00,9,Grig
2020-09-29 03:00:00,2,Harr
2020-09-29 04:00:00,6,Harr
2020-09-29 05:00:00,3,Harr
2020-09-29 06:00:00,11,Harr
2020-09-29 07:00:00,9,Harr
2020-09-29 08:00:00,19,Harr
2020-09-29 09:00:00,21,Harr
2020-09-29 10:00:00,22,Harr
2020-09-29 11:00:00,40,Harr
2020-09-29 12:00:00,24,Harr
2020-09-29 13:00:00,45,Harr
2020-09-29 14:00:00,34,Harr
2020-09-29 15:00:00,36,Harr
2020-09-29 16:00:00,27,Harr
2020-09-29 17:00:00,28,Harr
2020-09-29 18:00:00,32,Harr
2020-09-29 19:00:00,40,Harr
2020-09-29 20:00:00,24,Harr
2020-09-29 21:00:00,13,Harr
2020-09-29 22:00:00,12,Harr
2020-09-29 23:00:00,8,Harr
2020-09-29 00:00:00,32,Heal
2020-09-29 01:00:00,3,Heal
2020-09-29 02:00:00,7,Heal
2020-09-29 04:00:00,2,Heal
2020-09-29 06:00:00,39,Heal
2020-09-29 07:00:00,43,Heal
2020-09-29 08:00:00,91,Heal
2020-09-29 09:00:00,70,Heal
2020-09-29 10:00:00,187,Heal
2020-09-29 11:00:00,180,Heal
2020-09-29 12:00:00,185,Heal
2020-09-29 13:00:00,173,Heal
2020-09-29 14:00:00,217,Heal
2020-09-29 15:00:00,107,Heal
2020-09-29 16:00:00,115,Heal
2020-09-29 17:00:00,78,Heal
2020-09-29 18:00:00,70,Heal
2020-09-29 19:00:00,97,Heal
2020-09-29 20:00:00,30,Heal
2020-09-29 21:00:00,21,Heal
2020-09-29 22:00:00,12,Heal
2020-09-29 23:00:00,8,Heal
2020-09-29 00:00:00,1,Hick
2020-09-29 06:00:00,3,Hick
2020-09-29 08:00:00,12,Hick
2020-09-29 09:00:00,18,Hick
2020-09-29 10:00:00,13,Hick
2020-09-29 11:00:00,10,Hick
2020-09-29 12:00:00,36,Hick
2020-09-29 13:00:00,8,Hick
2020-09-29 14:00:00,18,Hick
2020-09-29 15:00:00,6,Hick
2020-09-29 16:00:00,10,Hick
2020-09-29 17:00:00,8,Hick
2020-09-29 18:00:00,6,Hick
2020-09-29 19:00:00,9,Hick
2020-09-29 20:00:00,8,Hick
2020-09-29 21:00:00,2,Hick
2020-09-29 22:00:00,1,Hick
2020-09-29 23:00:00,4,Hick
2020-09-29 00:00:00,22,Hous
2020-09-29 01:00:00,6,Hous
2020-09-29 02:00:00,6,Hous
2020-09-29 03:00:00,11,Hous
2020-09-29 04:00:00,3,Hous
2020-09-29 06:00:00,7,Hous
2020-09-29 07:00:00,14,Hous
2020-09-29 08:00:00,24,Hous
2020-09-29 09:00:00,29,Hous
2020-09-29 10:00:00,34,Hous
2020-09-29 11:00:00,31,Hous
2020-09-29 12:00:00,73,Hous
2020-09-29 13:00:00,63,Hous
2020-09-29 14:00:00,55,Hous
2020-09-29 15:00:00,40,Hous
2020-09-29 16:00:00,39,Hous
2020-09-29 17:00:00,38,Hous
2020-09-29 18:00:00,78,Hous
2020-09-29 19:00:00,76,Hous
2020-09-29 20:00:00,80,Hous
2020-09-29 21:00:00,25,Hous
2020-09-29 22:00:00,17,Hous
2020-09-29 23:00:00,30,Hous
2020-09-29 00:00:00,76,HunH
2020-09-29 01:00:00,47,HunH
2020-09-29 02:00:00,40,HunH
2020-09-29 03:00:00,20,HunH
2020-09-29 04:00:00,30,HunH
2020-09-29 05:00:00,24,HunH
2020-09-29 06:00:00,21,HunH
2020-09-29 07:00:00,55,HunH
2020-09-29 08:00:00,81,HunH
2020-09-29 09:00:00,54,HunH
2020-09-29 10:00:00,66,HunH
2020-09-29 11:00:00,90,HunH
2020-09-29 12:00:00,129,HunH
2020-09-29 13:00:00,138,HunH
2020-09-29 14:00:00,128,HunH
2020-09-29 15:00:00,120,HunH
2020-09-29 16:00:00,116,HunH
2020-09-29 17:00:00,131,HunH
2020-09-29 18:00:00,138,HunH
2020-09-29 19:00:00,208,HunH
2020-09-29 20:00:00,110,HunH
2020-09-29 21:00:00,79,HunH
2020-09-29 22:00:00,54,HunH
2020-09-29 23:00:00,71,HunH
2020-09-29 00:00:00,14,Irwi
2020-09-29 01:00:00,1,Irwi
2020-09-29 03:00:00,14,Irwi
2020-09-29 05:00:00,5,Irwi
2020-09-29 06:00:00,84,Irwi
2020-09-29 07:00:00,104,Irwi
2020-09-29 08:00:00,126,Irwi
2020-09-29 09:00:00,154,Irwi
2020-09-29 10:00:00,67,Irwi
2020-09-29 11:00:00,111,Irwi
2020-09-29 12:00:00,71,Irwi
2020-09-29 13:00:00,80,Irwi
2020-09-29 14:00:00,83,Irwi
2020-09-29 15:00:00,79,Irwi
2020-09-29 16:00:00,62,Irwi
2020-09-29 17:00:00,42,Irwi
2020-09-29 18:00:00,47,Irwi
2020-09-29 19:00:00,63,Irwi
2020-09-29 20:00:00,55,Irwi
2020-09-29 21:00:00,30,Irwi
2020-09-29 22:00:00,11,Irwi
2020-09-29 23:00:00,3,Irwi
2020-09-29 00:00:00,1,JBui
2020-09-29 01:00:00,2,JBui
2020-09-29 05:00:00,1,JBui
2020-09-29 06:00:00,17,JBui
2020-09-29 07:00:00,17,JBui
2020-09-29 08:00:00,13,JBui
2020-09-29 09:00:00,23,JBui
2020-09-29 10:00:00,33,JBui
2020-09-29 11:00:00,48,JBui
2020-09-29 12:00:00,32,JBui
2020-09-29 13:00:00,7,JBui
2020-09-29 14:00:00,25,JBui
2020-09-29 15:00:00,1,JBui
2020-09-29 16:00:00,2,JBui
2020-09-29 17:00:00,9,JBui
2020-09-29 18:00:00,2,JBui
2020-09-29 19:00:00,6,JBui
2020-09-29 20:00:00,1,JBui
2020-09-29 21:00:00,1,JBui
2020-09-29 22:00:00,4,JBui
2020-09-29 00:00:00,2,Kenn
2020-09-29 01:00:00,3,Kenn
2020-09-29 02:00:00,3,Kenn
2020-09-29 06:00:00,8,Kenn
2020-09-29 07:00:00,21,Kenn
2020-09-29 08:00:00,36,Kenn
2020-09-29 09:00:00,21,Kenn
2020-09-29 10:00:00,53,Kenn
2020-09-29 11:00:00,100,Kenn
2020-09-29 12:00:00,145,Kenn
2020-09-29 13:00:00,123,Kenn
2020-09-29 14:00:00,72,Kenn
2020-09-29 15:00:00,41,Kenn
2020-09-29 16:00:00,41,Kenn
2020-09-29 17:00:00,34,Kenn
2020-09-29 18:00:00,27,Kenn
2020-09-29 19:00:00,28,Kenn
2020-09-29 20:00:00,6,Kenn
2020-09-29 21:00:00,7,Kenn
2020-09-29 22:00:00,3,Kenn
2020-09-29 00:00:00,12,King
2020-09-29 01:00:00,1,King
2020-09-29 02:00:00,15,King
2020-09-29 03:00:00,2,King
2020-09-29 06:00:00,7,King
2020-09-29 07:00:00,25,King
2020-09-29 08:00:00,39,King
2020-09-29 09:00:00,80,King
2020-09-29 10:00:00,149,King
2020-09-29 11:00:00,71,King
2020-09-29 12:00:00,146,King
2020-09-29 13:00:00,100,King
2020-09-29 14:00:00,113,King
2020-09-29 15:00:00,67,King
2020-09-29 16:00:00,77,King
2020-09-29 17:00:00,63,King
2020-09-29 18:00:00,84,King
2020-09-29 19:00:00,38,King
2020-09-29 20:00:00,13,King
2020-09-29 21:00:00,2,King
2020-09-29 22:00:00,1,King
2020-09-29 23:00:00,6,King
2020-09-29 00:00:00,2,Laur
2020-09-29 01:00:00,8,Laur
2020-09-29 06:00:00,1,Laur
2020-09-29 07:00:00,3,Laur
2020-09-29 08:00:00,6,Laur
2020-09-29 10:00:00,17,Laur
2020-09-29 11:00:00,7,Laur
2020-09-29 12:00:00,19,Laur
2020-09-29 13:00:00,13,Laur
2020-09-29 14:00:00,44,Laur
2020-09-29 15:00:00,5,Laur
2020-09-29 16:00:00,13,Laur
2020-09-29 17:00:00,10,Laur
2020-09-29 18:00:00,13,Laur
2020-09-29 19:00:00,8,Laur
2020-09-29 20:00:00,11,Laur
2020-09-29 21:00:00,12,Laur
2020-09-29 22:00:00,9,Laur
2020-09-29 23:00:00,11,Laur
2020-09-29 00:00:00,81,Levi
2020-09-29 01:00:00,16,Levi
2020-09-29 02:00:00,26,Levi
2020-09-29 03:00:00,79,Levi
2020-09-29 04:00:00,3,Levi
2020-09-29 05:00:00,4,Levi
2020-09-29 06:00:00,23,Levi
2020-09-29 07:00:00,44,Levi
2020-09-29 08:00:00,56,Levi
2020-09-29 09:00:00,109,Levi
2020-09-29 10:00:00,128,Levi
2020-09-29 11:00:00,173,Levi
2020-09-29 12:00:00,281,Levi
2020-09-29 13:00:00,210,Levi
2020-09-29 14:00:00,177,Levi
2020-09-29 15:00:00,129,Levi
2020-09-29 16:00:00,120,Levi
2020-09-29 17:00:00,169,Levi
2020-09-29 18:00:00,191,Levi
2020-09-29 19:00:00,202,Levi
2020-09-29 20:00:00,199,Levi
2020-09-29 21:00:00,106,Levi
2020-09-29 22:00:00,88,Levi
2020-09-29 23:00:00,79,Levi
2020-09-29 00:00:00,45,Lync
2020-09-29 01:00:00,32,Lync
2020-09-29 02:00:00,34,Lync
2020-09-29 03:00:00,11,Lync
2020-09-29 04:00:00,6,Lync
2020-09-29 05:00:00,6,Lync
2020-09-29 06:00:00,3,Lync
2020-09-29 07:00:00,24,Lync
2020-09-29 08:00:00,42,Lync
2020-09-29 09:00:00,51,Lync
2020-09-29 10:00:00,70,Lync
2020-09-29 11:00:00,56,Lync
2020-09-29 12:00:00,153,Lync
2020-09-29 13:00:00,162,Lync
2020-09-29 14:00:00,151,Lync
2020-09-29 15:00:00,94,Lync
2020-09-29 16:00:00,123,Lync
2020-09-29 17:00:00,190,Lync
2020-09-29 18:00:00,238,Lync
2020-09-29 19:00:00,192,Lync
2020-09-29 20:00:00,154,Lync
2020-09-29 21:00:00,147,Lync
2020-09-29 22:00:00,131,Lync
2020-09-29 23:00:00,151,Lync
2020-09-29 00:00:00,5,MSII
2020-09-29 05:00:00,5,MSII
2020-09-29 06:00:00,12,MSII
2020-09-29 07:00:00,9,MSII
2020-09-29 08:00:00,38,MSII
2020-09-29 09:00:00,71,MSII
2020-09-29 10:00:00,87,MSII
2020-09-29 11:00:00,52,MSII
2020-09-29 12:00:00,82,MSII
2020-09-29 13:00:00,71,MSII
2020-09-29 14:00:00,65,MSII
2020-09-29 15:00:00,53,MSII
2020-09-29 16:00:00,67,MSII
2020-09-29 17:00:00,60,MSII
2020-09-29 18:00:00,66,MSII
2020-09-29 19:00:00,34,MSII
2020-09-29 20:00:00,45,MSII
2020-09-29 21:00:00,13,MSII
2020-09-29 22:00:00,25,MSII
2020-09-29 23:00:00,7,MSII
2020-09-29 00:00:00,45,Macy
2020-09-29 02:00:00,1,Macy
2020-09-29 03:00:00,64,Macy
2020-09-29 04:00:00,17,Macy
2020-09-29 06:00:00,3,Macy
2020-09-29 07:00:00,2,Macy
2020-09-29 08:00:00,15,Macy
2020-09-29 09:00:00,5,Macy
2020-09-29 10:00:00,23,Macy
2020-09-29 11:00:00,26,Macy
2020-09-29 12:00:00,86,Macy
2020-09-29 13:00:00,50,Macy
2020-09-29 14:00:00,29,Macy
2020-09-29 15:00:00,9,Macy
2020-09-29 16:00:00,24,Macy
2020-09-29 17:00:00,21,Macy
2020-09-29 18:00:00,24,Macy
2020-09-29 19:00:00,7,Macy
2020-09-29 20:00:00,2,Macy
2020-09-29 21:00:00,3,Macy
2020-09-29 22:00:00,14,Macy
2020-09-29 23:00:00,1,Macy
2020-09-29 00:00:00,8,Mart
2020-09-29 03:00:00,1,Mart
2020-09-29 04:00:00,1,Mart
2020-09-29 06:00:00,4,Mart
2020-09-29 07:00:00,30,Mart
2020-09-29 08:00:00,12,Mart
2020-09-29 09:00:00,9,Mart
2020-09-29 10:00:00,6,Mart
2020-09-29 11:00:00,16,Mart
2020-09-29 12:00:00,22,Mart
2020-09-29 13:00:00,12,Mart
2020-09-29 14:00:00,22,Mart
2020-09-29 15:00:00,15,Mart
2020-09-29 16:00:00,25,Mart
2020-09-29 17:00:00,18,Mart
2020-09-29 18:00:00,25,Mart
2020-09-29 19:00:00,30,Mart
2020-09-29 20:00:00,21,Mart
2020-09-29 21:00:00,17,Mart
2020-09-29 22:00:00,6,Mart
2020-09-29 23:00:00,5,Mart
2020-09-29 00:00:00,11,McCo
2020-09-29 02:00:00,1,McCo
2020-09-29 05:00:00,27,McCo
2020-09-29 06:00:00,319,McCo
2020-09-29 07:00:00,758,McCo
2020-09-29 08:00:00,387,McCo
2020-09-29 09:00:00,384,McCo
2020-09-29 10:00:00,448,McCo
2020-09-29 11:00:00,545,McCo
2020-09-29 12:00:00,437,McCo
2020-09-29 13:00:00,1046,McCo
2020-09-29 14:00:00,554,McCo
2020-09-29 15:00:00,470,McCo
2020-09-29 16:00:00,401,McCo
2020-09-29 17:00:00,259,McCo
2020-09-29 18:00:00,200,McCo
2020-09-29 19:00:00,203,McCo
2020-09-29 20:00:00,229,McCo
2020-09-29 21:00:00,48,McCo
2020-09-29 22:00:00,31,McCo
2020-09-29 23:00:00,8,McCo
2020-09-29 06:00:00,2,McEn
2020-09-29 07:00:00,41,McEn
2020-09-29 08:00:00,33,McEn
2020-09-29 09:00:00,28,McEn
2020-09-29 10:00:00,33,McEn
2020-09-29 11:00:00,18,McEn
2020-09-29 12:00:00,119,McEn
2020-09-29 13:00:00,66,McEn
2020-09-29 14:00:00,29,McEn
2020-09-29 15:00:00,24,McEn
2020-09-29 16:00:00,51,McEn
2020-09-29 17:00:00,22,McEn
2020-09-29 18:00:00,3,McEn
2020-09-29 19:00:00,11,McEn
2020-09-29 20:00:00,5,McEn
2020-09-29 21:00:00,16,McEn
2020-09-29 22:00:00,10,McEn
2020-09-29 23:00:00,2,McEn
2020-09-29 00:00:00,7,McMi
2020-09-29 01:00:00,1,McMi
2020-09-29 02:00:00,5,McMi
2020-09-29 04:00:00,1,McMi
2020-09-29 05:00:00,3,McMi
2020-09-29 06:00:00,12,McMi
2020-09-29 07:00:00,12,McMi
2020-09-29 08:00:00,33,McMi
2020-09-29 09:00:00,75,McMi
2020-09-29 10:00:00,92,McMi
2020-09-29 11:00:00,90,McMi
2020-09-29 12:00:00,95,McMi
2020-09-29 13:00:00,60,McMi
2020-09-29 14:00:00,53,McMi
2020-09-29 15:00:00,29,McMi
2020-09-29 16:00:00,44,McMi
2020-09-29 17:00:00,46,McMi
2020-09-29 18:00:00,39,McMi
2020-09-29 19:00:00,26,McMi
2020-09-29 20:00:00,37,McMi
2020-09-29 21:00:00,16,McMi
2020-09-29 22:00:00,10,McMi
2020-09-29 23:00:00,11,McMi
2020-09-29 00:00:00,8,Memo
2020-09-29 02:00:00,2,Memo
2020-09-29 03:00:00,10,Memo
2020-09-29 04:00:00,3,Memo
2020-09-29 06:00:00,60,Memo
2020-09-29 07:00:00,31,Memo
2020-09-29 08:00:00,20,Memo
2020-09-29 09:00:00,33,Memo
2020-09-29 10:00:00,57,Memo
2020-09-29 11:00:00,119,Memo
2020-09-29 12:00:00,89,Memo
2020-09-29 13:00:00,86,Memo
2020-09-29 14:00:00,269,Memo
2020-09-29 15:00:00,201,Memo
2020-09-29 16:00:00,103,Memo
2020-09-29 17:00:00,122,Memo
2020-09-29 18:00:00,44,Memo
2020-09-29 19:00:00,91,Memo
2020-09-29 20:00:00,25,Memo
2020-09-29 21:00:00,22,Memo
2020-09-29 22:00:00,3,Memo
2020-09-29 23:00:00,15,Memo
2020-09-29 00:00:00,32,MilH
2020-09-29 01:00:00,20,MilH
2020-09-29 02:00:00,9,MilH
2020-09-29 03:00:00,6,MilH
2020-09-29 04:00:00,9,MilH
2020-09-29 05:00:00,4,MilH
2020-09-29 06:00:00,14,MilH
2020-09-29 07:00:00,15,MilH
2020-09-29 08:00:00,23,MilH
2020-09-29 09:00:00,32,MilH
2020-09-29 10:00:00,27,MilH
2020-09-29 11:00:00,27,MilH
2020-09-29 12:00:00,49,MilH
2020-09-29 13:00:00,46,MilH
2020-09-29 14:00:00,48,MilH
2020-09-29 15:00:00,62,MilH
2020-09-29 16:00:00,52,MilH
2020-09-29 17:00:00,53,MilH
2020-09-29 18:00:00,24,MilH
2020-09-29 19:00:00,39,MilH
2020-09-29 20:00:00,30,MilH
2020-09-29 21:00:00,31,MilH
2020-09-29 22:00:00,29,MilH
2020-09-29 23:00:00,31,MilH
2020-09-29 00:00:00,11,Milt
2020-09-29 02:00:00,8,Milt
2020-09-29 03:00:00,1,Milt
2020-09-29 05:00:00,26,Milt
2020-09-29 06:00:00,27,Milt
2020-09-29 07:00:00,57,Milt
2020-09-29 08:00:00,90,Milt
2020-09-29 09:00:00,135,Milt
2020-09-29 10:00:00,138,Milt
2020-09-29 11:00:00,162,Milt
2020-09-29 12:00:00,181,Milt
2020-09-29 13:00:00,132,Milt
2020-09-29 14:00:00,212,Milt
2020-09-29 15:00:00,98,Milt
2020-09-29 16:00:00,103,Milt
2020-09-29 17:00:00,78,Milt
2020-09-29 18:00:00,54,Milt
2020-09-29 19:00:00,44,Milt
2020-09-29 20:00:00,21,Milt
2020-09-29 21:00:00,10,Milt
2020-09-29 22:00:00,10,Milt
2020-09-29 23:00:00,19,Milt
2020-09-29 11:00:00,5,NCRC
2020-09-29 12:00:00,13,NCRC
2020-09-29 16:00:00,1,NCRC
2020-09-29 19:00:00,1,NCRC
2020-09-29 07:00:00,1,NERF
2020-09-29 08:00:00,1,NERF
2020-09-29 11:00:00,100,NERF
2020-09-29 14:00:00,3,NERF
2020-09-29 15:00:00,37,NERF
2020-09-29 16:00:00,40,NERF
2020-09-29 17:00:00,39,NERF
2020-09-29 18:00:00,26,NERF
2020-09-29 19:00:00,18,NERF
2020-09-29 20:00:00,5,NERF
2020-09-29 21:00:00,2,NERF
2020-09-29 22:00:00,1,NERF
2020-09-29 23:00:00,2,NERF
2020-09-29 07:00:00,1,Nine
2020-09-29 08:00:00,2,Nine
2020-09-29 13:00:00,3,Nine
2020-09-29 17:00:00,1,Nine
2020-09-29 00:00:00,2,PORT
2020-09-29 05:00:00,2,PORT
2020-09-29 06:00:00,6,PORT
2020-09-29 07:00:00,14,PORT
2020-09-29 08:00:00,30,PORT
2020-09-29 09:00:00,37,PORT
2020-09-29 10:00:00,39,PORT
2020-09-29 11:00:00,50,PORT
2020-09-29 12:00:00,45,PORT
2020-09-29 13:00:00,67,PORT
2020-09-29 14:00:00,89,PORT
2020-09-29 15:00:00,35,PORT
2020-09-29 16:00:00,49,PORT
2020-09-29 17:00:00,68,PORT
2020-09-29 18:00:00,44,PORT
2020-09-29 19:00:00,40,PORT
2020-09-29 20:00:00,22,PORT
2020-09-29 21:00:00,39,PORT
2020-09-29 22:00:00,7,PORT
2020-09-29 23:00:00,2,PORT
2020-09-29 07:00:00,2,PROS
2020-09-29 08:00:00,3,PROS
2020-09-29 09:00:00,1,PROS
2020-09-29 11:00:00,2,PROS
2020-09-29 12:00:00,5,PROS
2020-09-29 13:00:00,1,PROS
2020-09-29 14:00:00,3,PROS
2020-09-29 15:00:00,2,PROS
2020-09-29 16:00:00,2,PROS
2020-09-29 00:00:00,1,Phil
2020-09-29 06:00:00,4,Phil
2020-09-29 07:00:00,26,Phil
2020-09-29 08:00:00,21,Phil
2020-09-29 09:00:00,29,Phil
2020-09-29 10:00:00,37,Phil
2020-09-29 11:00:00,49,Phil
2020-09-29 12:00:00,84,Phil
2020-09-29 13:00:00,128,Phil
2020-09-29 14:00:00,70,Phil
2020-09-29 15:00:00,41,Phil
2020-09-29 16:00:00,24,Phil
2020-09-29 17:00:00,76,Phil
2020-09-29 18:00:00,19,Phil
2020-09-29 19:00:00,23,Phil
2020-09-29 20:00:00,10,Phil
2020-09-29 21:00:00,3,Phil
2020-09-29 22:00:00,3,Phil
2020-09-29 23:00:00,1,Phil
2020-09-29 06:00:00,17,Pros
2020-09-29 07:00:00,34,Pros
2020-09-29 08:00:00,66,Pros
2020-09-29 09:00:00,75,Pros
2020-09-29 10:00:00,124,Pros
2020-09-29 11:00:00,106,Pros
2020-09-29 12:00:00,269,Pros
2020-09-29 13:00:00,180,Pros
2020-09-29 14:00:00,121,Pros
2020-09-29 15:00:00,52,Pros
2020-09-29 16:00:00,95,Pros
2020-09-29 17:00:00,8,Pros
2020-09-29 18:00:00,2,Pros
2020-09-29 19:00:00,7,Pros
2020-09-29 20:00:00,118,Pros
2020-09-29 21:00:00,108,Pros
2020-09-29 23:00:00,2,Pros
2020-09-29 00:00:00,28,Rece
2020-09-29 01:00:00,13,Rece
2020-09-29 02:00:00,5,Rece
2020-09-29 03:00:00,7,Rece
2020-09-29 04:00:00,4,Rece
2020-09-29 05:00:00,11,Rece
2020-09-29 06:00:00,8,Rece
2020-09-29 07:00:00,18,Rece
2020-09-29 08:00:00,70,Rece
2020-09-29 09:00:00,17,Rece
2020-09-29 10:00:00,21,Rece
2020-09-29 11:00:00,71,Rece
2020-09-29 12:00:00,54,Rece
2020-09-29 13:00:00,25,Rece
2020-09-29 14:00:00,24,Rece
2020-09-29 15:00:00,14,Rece
2020-09-29 16:00:00,3,Rece
2020-09-29 17:00:00,4,Rece
2020-09-29 18:00:00,5,Rece
2020-09-29 19:00:00,3,Rece
2020-09-29 20:00:00,8,Rece
2020-09-29 21:00:00,9,Rece
2020-09-29 22:00:00,20,Rece
2020-09-29 23:00:00,1,Rece
2020-09-29 00:00:00,22,Rees
2020-09-29 01:00:00,2,Rees
2020-09-29 02:00:00,3,Rees
2020-09-29 03:00:00,5,Rees
2020-09-29 04:00:00,1,Rees
2020-09-29 05:00:00,9,Rees
2020-09-29 06:00:00,33,Rees
2020-09-29 07:00:00,18,Rees
2020-09-29 08:00:00,36,Rees
2020-09-29 09:00:00,43,Rees
2020-09-29 10:00:00,62,Rees
2020-09-29 11:00:00,45,Rees
2020-09-29 12:00:00,71,Rees
2020-09-29 13:00:00,77,Rees
2020-09-29 14:00:00,82,Rees
2020-09-29 15:00:00,30,Rees
2020-09-29 16:00:00,54,Rees
2020-09-29 17:00:00,27,Rees
2020-09-29 18:00:00,59,Rees
2020-09-29 19:00:00,39,Rees
2020-09-29 20:00:00,18,Rees
2020-09-29 21:00:00,26,Rees
2020-09-29 22:00:00,1,Rees
2020-09-29 23:00:00,11,Rees
2020-09-29 00:00:00,26,Robi
2020-09-29 01:00:00,18,Robi
2020-09-29 02:00:00,33,Robi
2020-09-29 03:00:00,14,Robi
2020-09-29 04:00:00,9,Robi
2020-09-29 05:00:00,21,Robi
2020-09-29 06:00:00,20,Robi
2020-09-29 07:00:00,16,Robi
2020-09-29 08:00:00,74,Robi
2020-09-29 09:00:00,81,Robi
2020-09-29 10:00:00,121,Robi
2020-09-29 11:00:00,217,Robi
2020-09-29 12:00:00,104,Robi
2020-09-29 13:00:00,193,Robi
2020-09-29 14:00:00,94,Robi
2020-09-29 15:00:00,90,Robi
2020-09-29 16:00:00,82,Robi
2020-09-29 17:00:00,65,Robi
2020-09-29 18:00:00,36,Robi
2020-09-29 19:00:00,37,Robi
2020-09-29 20:00:00,33,Robi
2020-09-29 21:00:00,16,Robi
2020-09-29 22:00:00,22,Robi
2020-09-29 23:00:00,29,Robi
2020-09-29 00:00:00,8,Rowe
2020-09-29 01:00:00,9,Rowe
2020-09-29 02:00:00,2,Rowe
2020-09-29 03:00:00,2,Rowe
2020-09-29 04:00:00,1,Rowe
2020-09-29 05:00:00,3,Rowe
2020-09-29 06:00:00,4,Rowe
2020-09-29 07:00:00,19,Rowe
2020-09-29 08:00:00,37,Rowe
2020-09-29 09:00:00,25,Rowe
2020-09-29 10:00:00,39,Rowe
2020-09-29 11:00:00,20,Rowe
2020-09-29 12:00:00,39,Rowe
2020-09-29 13:00:00,48,Rowe
2020-09-29 14:00:00,75,Rowe
2020-09-29 15:00:00,59,Rowe
2020-09-29 16:00:00,39,Rowe
2020-09-29 17:00:00,8,Rowe
2020-09-29 18:00:00,9,Rowe
2020-09-29 19:00:00,9,Rowe
2020-09-29 20:00:00,3,Rowe
2020-09-29 23:00:00,2,Rowe
2020-09-29 00:00:00,52,SVDH
2020-09-29 02:00:00,3,SVDH
2020-09-29 03:00:00,4,SVDH
2020-09-29 04:00:00,4,SVDH
2020-09-29 05:00:00,24,SVDH
2020-09-29 06:00:00,48,SVDH
2020-09-29 07:00:00,161,SVDH
2020-09-29 08:00:00,160,SVDH
2020-09-29 09:00:00,302,SVDH
2020-09-29 10:00:00,266,SVDH
2020-09-29 11:00:00,327,SVDH
2020-09-29 12:00:00,593,SVDH
2020-09-29 13:00:00,588,SVDH
2020-09-29 14:00:00,577,SVDH
2020-09-29 15:00:00,176,SVDH
2020-09-29 16:00:00,220,SVDH
2020-09-29 17:00:00,612,SVDH
2020-09-29 18:00:00,837,SVDH
2020-09-29 19:00:00,1000,SVDH
2020-09-29 20:00:00,401,SVDH
2020-09-29 21:00:00,88,SVDH
2020-09-29 22:00:00,121,SVDH
2020-09-29 23:00:00,123,SVDH
2020-09-29 00:00:00,52,Scot
2020-09-29 01:00:00,14,Scot
2020-09-29 02:00:00,8,Scot
2020-09-29 03:00:00,1,Scot
2020-09-29 04:00:00,4,Scot
2020-09-29 05:00:00,3,Scot
2020-09-29 06:00:00,13,Scot
2020-09-29 07:00:00,18,Scot
2020-09-29 08:00:00,56,Scot
2020-09-29 09:00:00,56,Scot
2020-09-29 10:00:00,73,Scot
2020-09-29 11:00:00,79,Scot
2020-09-29 12:00:00,146,Scot
2020-09-29 13:00:00,121,Scot
2020-09-29 14:00:00,119,Scot
2020-09-29 15:00:00,85,Scot
2020-09-29 16:00:00,80,Scot
2020-09-29 17:00:00,117,Scot
2020-09-29 18:00:00,158,Scot
2020-09-29 19:00:00,196,Scot
2020-09-29 20:00:00,66,Scot
2020-09-29 21:00:00,47,Scot
2020-09-29 22:00:00,31,Scot
2020-09-29 23:00:00,36,Scot
2020-09-29 00:00:00,5,Smit
2020-09-29 01:00:00,2,Smit
2020-09-29 02:00:00,3,Smit
2020-09-29 03:00:00,2,Smit
2020-09-29 04:00:00,1,Smit
2020-09-29 06:00:00,8,Smit
2020-09-29 07:00:00,25,Smit
2020-09-29 08:00:00,78,Smit
2020-09-29 09:00:00,137,Smit
2020-09-29 10:00:00,85,Smit
2020-09-29 11:00:00,136,Smit
2020-09-29 12:00:00,222,Smit
2020-09-29 13:00:00,136,Smit
2020-09-29 14:00:00,145,Smit
2020-09-29 15:00:00,51,Smit
2020-09-29 16:00:00,97,Smit
2020-09-29 17:00:00,54,Smit
2020-09-29 18:00:00,44,Smit
2020-09-29 19:00:00,41,Smit
2020-09-29 20:00:00,19,Smit
2020-09-29 21:00:00,17,Smit
2020-09-29 22:00:00,15,Smit
2020-09-29 00:00:00,1,SoTF
2020-09-29 06:00:00,11,SoTF
2020-09-29 07:00:00,10,SoTF
2020-09-29 08:00:00,16,SoTF
2020-09-29 09:00:00,14,SoTF
2020-09-29 10:00:00,33,SoTF
2020-09-29 11:00:00,63,SoTF
2020-09-29 12:00:00,39,SoTF
2020-09-29 13:00:00,73,SoTF
2020-09-29 14:00:00,74,SoTF
2020-09-29 15:00:00,29,SoTF
2020-09-29 16:00:00,19,SoTF
2020-09-29 17:00:00,15,SoTF
2020-09-29 18:00:00,15,SoTF
2020-09-29 19:00:00,7,SoTF
2020-09-29 20:00:00,7,SoTF
2020-09-29 21:00:00,1,SoTF
2020-09-29 22:00:00,2,SoTF
2020-09-29 23:00:00,3,SoTF
2020-09-29 02:00:00,6,Stor
2020-09-29 04:00:00,50,Stor
2020-09-29 05:00:00,89,Stor
2020-09-29 06:00:00,33,Stor
2020-09-29 07:00:00,27,Stor
2020-09-29 08:00:00,51,Stor
2020-09-29 09:00:00,74,Stor
2020-09-29 10:00:00,112,Stor
2020-09-29 11:00:00,111,Stor
2020-09-29 12:00:00,135,Stor
2020-09-29 13:00:00,83,Stor
2020-09-29 14:00:00,105,Stor
2020-09-29 15:00:00,71,Stor
2020-09-29 16:00:00,49,Stor
2020-09-29 17:00:00,60,Stor
2020-09-29 18:00:00,8,Stor
2020-09-29 19:00:00,10,Stor
2020-09-29 20:00:00,2,Stor
2020-09-29 21:00:00,1,Stor
2020-09-29 22:00:00,2,Stor
2020-09-29 23:00:00,1,Stor
2020-09-29 00:00:00,78,StuA
2020-09-29 01:00:00,3,StuA
2020-09-29 02:00:00,8,StuA
2020-09-29 03:00:00,1,StuA
2020-09-29 04:00:00,12,StuA
2020-09-29 05:00:00,40,StuA
2020-09-29 06:00:00,51,StuA
2020-09-29 07:00:00,126,StuA
2020-09-29 08:00:00,254,StuA
2020-09-29 09:00:00,297,StuA
2020-09-29 10:00:00,513,StuA
2020-09-29 11:00:00,273,StuA
2020-09-29 12:00:00,306,StuA
2020-09-29 13:00:00,311,StuA
2020-09-29 14:00:00,349,StuA
2020-09-29 15:00:00,196,StuA
2020-09-29 16:00:00,255,StuA
2020-09-29 17:00:00,168,StuA
2020-09-29 18:00:00,110,StuA
2020-09-29 19:00:00,92,StuA
2020-09-29 20:00:00,57,StuA
2020-09-29 21:00:00,45,StuA
2020-09-29 22:00:00,98,StuA
2020-09-29 23:00:00,60,StuA
2020-09-29 00:00:00,45,StuH
2020-09-29 01:00:00,9,StuH
2020-09-29 02:00:00,15,StuH
2020-09-29 03:00:00,3,StuH
2020-09-29 04:00:00,4,StuH
2020-09-29 05:00:00,3,StuH
2020-09-29 06:00:00,18,StuH
2020-09-29 07:00:00,57,StuH
2020-09-29 08:00:00,122,StuH
2020-09-29 09:00:00,161,StuH
2020-09-29 10:00:00,153,StuH
2020-09-29 11:00:00,197,StuH
2020-09-29 12:00:00,195,StuH
2020-09-29 13:00:00,173,StuH
2020-09-29 14:00:00,196,StuH
2020-09-29 15:00:00,101,StuH
2020-09-29 16:00:00,178,StuH
2020-09-29 17:00:00,187,StuH
2020-09-29 18:00:00,80,StuH
2020-09-29 19:00:00,68,StuH
2020-09-29 20:00:00,77,StuH
2020-09-29 21:00:00,48,StuH
2020-09-29 22:00:00,55,StuH
2020-09-29 23:00:00,32,StuH
2020-09-29 00:00:00,84,StuU
2020-09-29 01:00:00,7,StuU
2020-09-29 02:00:00,5,StuU
2020-09-29 05:00:00,3,StuU
2020-09-29 06:00:00,28,StuU
2020-09-29 07:00:00,103,StuU
2020-09-29 08:00:00,158,StuU
2020-09-29 09:00:00,156,StuU
2020-09-29 10:00:00,216,StuU
2020-09-29 11:00:00,247,StuU
2020-09-29 12:00:00,422,StuU
2020-09-29 13:00:00,347,StuU
2020-09-29 14:00:00,375,StuU
2020-09-29 15:00:00,200,StuU
2020-09-29 16:00:00,214,StuU
2020-09-29 17:00:00,214,StuU
2020-09-29 18:00:00,281,StuU
2020-09-29 19:00:00,298,StuU
2020-09-29 20:00:00,141,StuU
2020-09-29 21:00:00,62,StuU
2020-09-29 22:00:00,16,StuU
2020-09-29 23:00:00,20,StuU
2020-09-29 00:00:00,5,Syca
2020-09-29 01:00:00,1,Syca
2020-09-29 02:00:00,3,Syca
2020-09-29 04:00:00,1,Syca
2020-09-29 05:00:00,6,Syca
2020-09-29 06:00:00,14,Syca
2020-09-29 07:00:00,25,Syca
2020-09-29 08:00:00,42,Syca
2020-09-29 09:00:00,35,Syca
2020-09-29 10:00:00,54,Syca
2020-09-29 11:00:00,66,Syca
2020-09-29 12:00:00,63,Syca
2020-09-29 13:00:00,36,Syca
2020-09-29 14:00:00,52,Syca
2020-09-29 15:00:00,27,Syca
2020-09-29 16:00:00,30,Syca
2020-09-29 17:00:00,33,Syca
2020-09-29 18:00:00,13,Syca
2020-09-29 19:00:00,16,Syca
2020-09-29 20:00:00,27,Syca
2020-09-29 21:00:00,9,Syca
2020-09-29 22:00:00,7,Syca
2020-09-29 23:00:00,9,Syca
2020-09-29 00:00:00,35,Tenn
2020-09-29 01:00:00,4,Tenn
2020-09-29 02:00:00,3,Tenn
2020-09-29 03:00:00,1,Tenn
2020-09-29 05:00:00,4,Tenn
2020-09-29 06:00:00,22,Tenn
2020-09-29 07:00:00,46,Tenn
2020-09-29 08:00:00,46,Tenn
2020-09-29 09:00:00,69,Tenn
2020-09-29 10:00:00,110,Tenn
2020-09-29 11:00:00,210,Tenn
2020-09-29 12:00:00,102,Tenn
2020-09-29 13:00:00,141,Tenn
2020-09-29 14:00:00,113,Tenn
2020-09-29 15:00:00,105,Tenn
2020-09-29 16:00:00,108,Tenn
2020-09-29 17:00:00,96,Tenn
2020-09-29 18:00:00,82,Tenn
2020-09-29 19:00:00,75,Tenn
2020-09-29 20:00:00,65,Tenn
2020-09-29 21:00:00,30,Tenn
2020-09-29 22:00:00,14,Tenn
2020-09-29 23:00:00,14,Tenn
2020-09-29 00:00:00,24,UREC
2020-09-29 01:00:00,9,UREC
2020-09-29 02:00:00,4,UREC
2020-09-29 03:00:00,2,UREC
2020-09-29 04:00:00,8,UREC
2020-09-29 05:00:00,9,UREC
2020-09-29 06:00:00,107,UREC
2020-09-29 07:00:00,490,UREC
2020-09-29 08:00:00,746,UREC
2020-09-29 09:00:00,792,UREC
2020-09-29 10:00:00,500,UREC
2020-09-29 11:00:00,923,UREC
2020-09-29 12:00:00,971,UREC
2020-09-29 13:00:00,725,UREC
2020-09-29 14:00:00,238,UREC
2020-09-29 15:00:00,882,UREC
2020-09-29 16:00:00,783,UREC
2020-09-29 17:00:00,739,UREC
2020-09-29 18:00:00,673,UREC
2020-09-29 19:00:00,700,UREC
2020-09-29 20:00:00,630,UREC
2020-09-29 21:00:00,108,UREC
2020-09-29 22:00:00,58,UREC
2020-09-29 23:00:00,31,UREC
2020-09-29 00:00:00,7,Unio
2020-09-29 01:00:00,5,Unio
2020-09-29 02:00:00,6,Unio
2020-09-29 05:00:00,1,Unio
2020-09-29 06:00:00,13,Unio
2020-09-29 07:00:00,26,Unio
2020-09-29 08:00:00,23,Unio
2020-09-29 09:00:00,29,Unio
2020-09-29 10:00:00,26,Unio
2020-09-29 11:00:00,51,Unio
2020-09-29 12:00:00,34,Unio
2020-09-29 13:00:00,49,Unio
2020-09-29 14:00:00,31,Unio
2020-09-29 15:00:00,18,Unio
2020-09-29 16:00:00,43,Unio
2020-09-29 17:00:00,50,Unio
2020-09-29 18:00:00,32,Unio
2020-09-29 19:00:00,19,Unio
2020-09-29 20:00:00,34,Unio
2020-09-29 21:00:00,13,Unio
2020-09-29 22:00:00,11,Unio
2020-09-29 23:00:00,20,Unio
2020-09-29 00:00:00,1,Wach
2020-09-29 01:00:00,2,Wach
2020-09-29 04:00:00,1,Wach
2020-09-29 06:00:00,50,Wach
2020-09-29 07:00:00,35,Wach
2020-09-29 08:00:00,36,Wach
2020-09-29 09:00:00,83,Wach
2020-09-29 10:00:00,70,Wach
2020-09-29 11:00:00,79,Wach
2020-09-29 12:00:00,77,Wach
2020-09-29 13:00:00,130,Wach
2020-09-29 14:00:00,218,Wach
2020-09-29 15:00:00,179,Wach
2020-09-29 16:00:00,68,Wach
2020-09-29 17:00:00,44,Wach
2020-09-29 18:00:00,8,Wach
2020-09-29 19:00:00,12,Wach
2020-09-29 20:00:00,6,Wach
2020-09-29 21:00:00,2,Wach
2020-09-29 22:00:00,3,Wach
2020-09-29 23:00:00,2,Wach
2020-09-29 00:00:00,26,Wall
2020-09-29 01:00:00,7,Wall
2020-09-29 05:00:00,3,Wall
2020-09-29 06:00:00,2,Wall
2020-09-29 08:00:00,3,Wall
2020-09-29 09:00:00,8,Wall
2020-09-29 10:00:00,18,Wall
2020-09-29 11:00:00,7,Wall
2020-09-29 12:00:00,38,Wall
2020-09-29 13:00:00,35,Wall
2020-09-29 14:00:00,19,Wall
2020-09-29 15:00:00,12,Wall
2020-09-29 16:00:00,12,Wall
2020-09-29 17:00:00,14,Wall
2020-09-29 18:00:00,48,Wall
2020-09-29 19:00:00,20,Wall
2020-09-29 20:00:00,29,Wall
2020-09-29 21:00:00,9,Wall
2020-09-29 22:00:00,18,Wall
2020-09-29 23:00:00,1,Wall
2020-09-29 00:00:00,2,Winn
2020-09-29 02:00:00,1,Winn
2020-09-29 03:00:00,2,Winn
2020-09-29 07:00:00,26,Winn
2020-09-29 08:00:00,20,Winn
2020-09-29 09:00:00,4,Winn
2020-09-29 10:00:00,20,Winn
2020-09-29 11:00:00,15,Winn
2020-09-29 12:00:00,39,Winn
2020-09-29 13:00:00,49,Winn
2020-09-29 14:00:00,21,Winn
2020-09-29 15:00:00,13,Winn
2020-09-29 16:00:00,22,Winn
2020-09-29 17:00:00,8,Winn
2020-09-29 18:00:00,8,Winn
2020-09-29 19:00:00,5,Winn
2020-09-29 21:00:00,1,Winn
2020-09-29 22:00:00,1,Winn
2020-09-29 23:00:00,4,Winn
2020-09-29 00:00:00,9,With
2020-09-29 01:00:00,20,With
2020-09-29 02:00:00,7,With
2020-09-29 03:00:00,2,With
2020-09-29 04:00:00,1,With
2020-09-29 07:00:00,1,With
2020-09-29 08:00:00,2,With
2020-09-29 09:00:00,10,With
2020-09-29 10:00:00,19,With
2020-09-29 11:00:00,12,With
2020-09-29 12:00:00,12,With
2020-09-29 13:00:00,21,With
2020-09-29 14:00:00,36,With
2020-09-29 15:00:00,14,With
2020-09-29 16:00:00,19,With
2020-09-29 17:00:00,27,With
2020-09-29 18:00:00,19,With
2020-09-29 19:00:00,42,With
2020-09-29 20:00:00,7,With
2020-09-29 21:00:00,9,With
2020-09-29 22:00:00,10,With
2020-09-29 23:00:00,20,With
2020-09-29 00:00:00,19,Wood
2020-09-29 01:00:00,2,Wood
2020-09-29 02:00:00,2,Wood
2020-09-29 03:00:00,6,Wood
2020-09-29 04:00:00,2,Wood
2020-09-29 05:00:00,4,Wood
2020-09-29 06:00:00,18,Wood
2020-09-29 07:00:00,49,Wood
2020-09-29 08:00:00,60,Wood
2020-09-29 09:00:00,128,Wood
2020-09-29 10:00:00,200,Wood
2020-09-29 11:00:00,222,Wood
2020-09-29 12:00:00,251,Wood
2020-09-29 13:00:00,248,Wood
2020-09-29 14:00:00,256,Wood
2020-09-29 15:00:00,175,Wood
2020-09-29 16:00:00,252,Wood
2020-09-29 17:00:00,97,Wood
2020-09-29 18:00:00,122,Wood
2020-09-29 19:00:00,67,Wood
2020-09-29 20:00:00,62,Wood
2020-09-29 21:00:00,21,Wood
2020-09-29 22:00:00,13,Wood
2020-09-29 23:00:00,18,Wood
